sample_name,Sample,available
ERR2525483,22204_7_209,no
ERR2525484,22204_7_210,no
ERR2525491,22204_7_219,no
ERR2525493,22204_7_223,no
ERR2525501,22204_7_236,no
ERR2525508,22204_7_251,no
ERR2525516,22204_7_262,no
ERR2602784,22522_8_223,no
ERR2602809,22522_8_248,no
ERR2602812,22522_8_251,no
ERR2602813,22522_8_252,no
ERR2602814,22522_8_253,no
ERR2602815,22522_8_254,no
ERR2909476,24276_3_115,no
ERR2909490,24276_3_129,no
ERR2909496,24276_3_135,no
ERR2909502,24276_3_141,no
ERR2909506,24276_3_153,no
ERR2909509,24276_3_157,no
ERR2909511,24276_3_159,no
ERR2909512,24276_3_160,no
ERR2909513,24276_3_161,no
ERR2909514,24276_3_162,no
ERR2909515,24276_3_163,no
ERR2909516,24276_3_164,no
ERR2909519,24276_3_167,no
ERR2909520,24276_3_168,no
ERR2909522,24276_3_170,no
ERR2909523,24276_3_171,no
ERR2909529,24276_3_177,no
ERR2909534,24276_3_182,no
ERR2909536,24276_3_184,no
ERR2909537,24276_3_185,no
ERR2909539,24276_3_193,no
ERR2909543,24276_3_197,no
ERR2909580,24276_3_244,no
ERR2909583,24276_3_247,no
ERR2909584,24276_3_248,no
ERR2909585,24276_3_249,no
ERR2909608,24276_3_272,no
ERR2909612,24276_3_278,no
ERR3332541,22204_7_104,no
ERR3332542,22204_7_105,no
ERR3332543,22204_7_107,no
ERR3332545,22204_7_111,no
ERR3332546,22204_7_115,no
ERR3332556,22204_7_146,no
ERR3332574,22204_7_181,no
ERR3332577,22204_7_188,no
ERR3332578,22204_7_193,no
ERR3332580,22204_7_207,no
ERR3332581,22204_7_208,no
ERR3332584,22204_7_232,no
ERR3332585,22204_7_237,no
ERR3332586,22204_7_239,no
ERR3332587,22204_7_243,no
ERR3332589,22204_7_256,no
ERR3332591,22204_7_258,no
ERR3332617,22306_3_27,no
ERR3332635,22306_3_57,no
ERR3332642,22306_3_67,no
ERR3332648,22306_3_75,no
ERR3332652,22306_3_85,no
ERR3332659,22306_3_92,no
ERR3332660,22306_3_93,no
ERR3332662,22306_3_96,no
ERR3332669,22306_3_108,no
ERR3332684,22306_3_126,no
ERR3332685,22306_3_129,no
ERR3332690,22306_3_138,no
ERR3332691,22306_3_140,no
ERR3332709,22306_3_164,no
ERR3332719,22306_3_177,no
ERR3332727,22306_3_185,no
ERR3332729,22306_3_188,no
ERR3332731,22306_3_191,no
ERR3332740,22306_3_200,no
ERR3332743,22306_3_204,no
ERR3332758,22306_3_228,no
ERR3332766,22306_3_244,no
ERR3332770,22306_3_248,no
ERR3332773,22306_3_253,no
ERR3332776,24276_3_143,no
ERR3332782,24276_3_276,no
accession,Sample,no
not,22204_8_178,no
